Index,Hand,Bet,HandType,HandScore,winnings
349,2435A,77,0,20403051300,77
382,258KT,512,0,20508121000,1024
237,264AQ,628,0,20604131100,1884
297,2794Q,14,0,20709041100,56
872,283K9,965,0,20803120900,4825
659,2TK73,678,0,21012070300,4068
174,3985A,244,0,30908051300,1708
50,3T8Q2,588,0,31008110200,4704
706,3K45A,348,0,31204051300,3132
732,3K597,267,0,31205090700,2670
18,3K8A6,428,0,31208130600,4708
599,3KT24,209,0,31210020400,2508
396,42Q8K,802,0,40211081200,10426
310,48T53,179,0,40810050300,2506
681,48A72,722,0,40813070200,10830
844,4T278,318,0,41002070800,5088
682,4T562,190,0,41005060200,3230
742,4K8A6,507,0,41208130600,9126
333,4A359,394,0,41303050900,7486
508,4A85T,892,0,41308051000,17840
368,523Q4,99,0,50203110400,2079
85,546A3,137,0,50406130300,3014
443,54T92,946,0,50410090200,21758
652,54T9A,42,0,50410091300,1008
915,56QT3,553,0,50611100300,13825
73,57A24,185,0,50713020400,4810
274,58KA9,62,0,50812130900,1674
168,5T4Q9,10,0,51004110900,280
355,5QT38,225,0,51110030800,6525
922,5K4Q3,530,0,51204110300,15900
187,6348T,264,0,60304081000,8184
812,634KA,96,0,60304121300,3072
919,6385K,403,0,60308051200,13299
846,64T87,758,0,60410080700,25772
712,657A4,663,0,60507130400,23205
442,684Q2,275,0,60804110200,9900
632,68ATK,257,0,60813101200,9509
688,69Q28,177,0,60911020800,6726
108,69A4K,114,0,60913041200,4446
32,6TQ75,222,0,61011070500,8880
818,6TK87,194,0,61012080700,7954
217,6Q782,535,0,61107080200,22470
126,6Q874,82,0,61108070400,3526
654,6QT48,452,0,61110040800,19888
673,6K4T9,583,0,61204100900,26235
350,6K972,741,0,61209070200,34086
256,6KTQ3,437,0,61210110300,20539
76,6KQ23,399,0,61211020300,19152
740,72T39,256,0,70210030900,12544
211,72T46,717,0,70210040600,35850
141,73825,726,0,70308020500,37026
218,75A36,12,0,70513030600,624
185,765T9,31,0,70605100900,1643
287,76T25,161,0,70610020500,8694
317,78K63,801,0,70812060300,44055
381,79Q25,658,0,70911020500,36848
376,79K43,353,0,70912040300,20121
738,7T95A,955,0,71009051300,55390
135,7Q568,899,0,71105060800,53041
656,7Q832,807,0,71108030200,48420
498,7QKA2,754,0,71112130200,45994
808,7QA8T,565,0,71113081000,35030
247,7K469,1000,0,71204060900,63000
386,7A523,809,0,71305020300,51776
45,8327K,377,0,80302071200,24505
546,856Q2,191,0,80506110200,12606
413,865A2,26,0,80605130200,1742
544,87A2K,384,0,80713021200,26112
895,893A4,937,0,80903130400,64653
246,894QT,472,0,80904111000,33040
213,8T64A,236,0,81006041300,16756
26,8K56A,619,0,81205061300,44568
60,8KAQ9,825,0,81213110900,60225
269,8A543,223,0,81305040300,16502
489,934KQ,141,0,90304121100,10575
445,94732,986,0,90407030200,74936
255,953TQ,708,0,90503101100,54516
362,96QAK,405,0,90611131200,31590
931,97264,974,0,90702060400,76946
714,974TK,643,0,90704101200,51440
342,975T2,493,0,90705100200,39933
978,97A34,699,0,90713030400,57318
825,9867T,299,0,90806071000,24817
486,9T23K,788,0,91002031200,66192
430,9K526,311,0,91205020600,26435
298,9AK36,996,0,91312030600,85656
220,T2463,752,0,100204060300,65424
678,T5263,43,0,100502060300,3784
109,T6792,685,0,100607090200,60965
487,T8759,38,0,100807050900,3420
814,TA457,813,0,101304050700,73983
804,TA536,483,0,101305030600,44436
840,TA632,327,0,101306030200,30411
338,TA72K,71,0,101307021200,6674
415,TA856,835,0,101308050600,79325
114,Q2AT4,308,0,110213100400,29568
33,Q4298,774,0,110402090800,75078
153,Q54A7,675,0,110504130700,66150
849,Q6573,29,0,110605070300,2871
89,Q67AK,298,0,110607131200,29800
802,Q6A27,968,0,110613020700,97768
270,Q8T42,884,0,110810040200,90168
709,Q8T72,58,0,110810070200,5974
893,Q8K63,411,0,110812060300,42744
958,QK9AT,293,0,111209131000,30765
770,QA472,679,0,111304070200,71974
440,QAT29,213,0,111310020900,22791
831,QAT72,629,0,111310070200,67932
865,K29Q3,870,0,120209110300,94830
807,K4A28,596,0,120413020800,65560
891,K4A65,108,0,120413060500,11988
934,K569T,47,0,120506091000,5264
655,K6324,363,0,120603020400,41019
886,K729T,777,0,120702091000,88578
458,KQ562,806,0,121105060200,92690
965,KA923,681,0,121309020300,78996
570,KA938,621,0,121309030800,72657
86,A38Q2,753,0,130308110200,88854
305,A4582,571,0,130405080200,67949
830,A73T4,69,0,130703100400,8280
412,A75QK,971,0,130705111200,117491
586,AT673,570,0,131006070300,69540
667,AT953,750,0,131009050300,92250
719,AQ2K6,240,0,131102120600,29760
851,AK427,152,0,131204020700,19000
81,AK48T,250,0,131204081000,31500
142,AK53Q,683,0,131205031100,86741
649,J26K3,889,1,10206120300,113792
638,J3289,338,1,10302080900,43602
149,J6KA5,980,1,10612130500,127400
860,J7AQ5,176,1,10713110500,23056
730,J87Q3,56,1,10807110300,7392
898,JQ642,601,1,11106040200,79933
900,JQA3K,277,1,11113031200,37118
593,JK46T,118,1,11204061000,15930
597,JK794,72,1,11207090400,9792
993,JA428,66,1,11304020800,9042
530,2J64A,555,1,20106041300,76590
550,2JT43,654,1,20110040300,90906
924,255K4,316,1,20505120400,44240
67,2623K,135,1,20602031200,19035
288,2739J,883,1,20703090100,125386
118,2836J,662,1,20803060100,94666
755,284K4,620,1,20804120400,89280
554,2952T,300,1,20905021000,43500
293,2T373,334,1,21003070300,48764
106,2Q4J7,432,1,21104010700,63504
867,2Q96J,491,1,21109060100,72668
996,2Q9QT,247,1,21109111000,36803
762,2QT26,444,1,21110020600,66600
517,2K8AK,87,1,21208131200,13137
650,2AJK9,79,1,21301120900,12008
478,34683,701,1,30406080300,107253
697,355TK,827,1,30505101200,127358
549,362QJ,640,1,30602110100,99200
705,3632A,22,1,30603021300,3432
155,3887K,219,1,30808071200,34383
137,3978J,438,1,30907080100,69204
138,39K6J,468,1,30912060100,74412
557,3T9AA,307,1,31009131300,49120
68,3Q767,913,1,31107060700,146993
228,3K5AA,465,1,31205131300,75330
358,3A46J,335,1,31304060100,54605
962,4J9K2,469,1,40109120200,76916
331,4JT59,90,1,40110050900,14850
629,4JAT8,655,1,40113100800,108730
576,4254K,398,1,40205041200,66466
197,42Q5Q,212,1,40211051100,35616
957,432AJ,429,1,40302130100,72501
551,438J5,217,1,40308010500,36890
711,44AQ5,7,1,40413110500,1197
536,45992,723,1,40509090200,124356
432,462K2,706,1,40602120200,122138
12,47JT6,545,1,40701100600,94830
0,486AA,252,1,40806131300,44100
595,48776,130,1,40807070600,22880
981,49K88,76,1,40912080800,13452
874,4T5JA,165,1,41005011300,29370
31,4Q89J,682,1,41108090100,122078
605,4Q8QK,610,1,41108111200,109800
562,4K426,511,1,41204020600,92491
519,4K77Q,365,1,41207071100,66430
636,4A6AT,936,1,41306131000,171288
902,5377A,117,1,50307071300,21528
611,54342,25,1,50403040200,4625
743,55K9T,657,1,50512091000,122202
513,56J4T,510,1,50601041000,95370
188,562J9,280,1,50602010900,52640
839,5625A,608,1,50602051300,114912
547,5765K,167,1,50706051200,31730
436,5857Q,857,1,50805071100,163687
225,59J64,895,1,50901060400,171840
465,59496,360,1,50904090600,69480
621,59772,646,1,50907070200,125324
989,5QK58,467,1,51112050800,91065
9,5K266,279,1,51202060600,54684
280,5KK47,926,1,51212040700,182422
868,5KK94,709,1,51212090400,140382
909,5AT6T,942,1,51310061000,187458
398,5AK6A,691,1,51312061300,138200
94,6JQ45,924,1,60111040500,185724
326,6236T,667,1,60203061000,134734
346,6346T,368,1,60304061000,74704
843,636K5,976,1,60306120500,199104
348,639J2,126,1,60309010200,25830
601,63T6Q,339,1,60310061100,69834
875,6477A,81,1,60407071300,16767
897,659JK,144,1,60509011200,29952
277,665T8,259,1,60605100800,54131
888,667Q9,989,1,60607110900,207690
781,66823,649,1,60608020300,136939
159,687QQ,462,1,60807111100,97944
55,688QA,816,1,60808111300,173808
144,68Q84,64,1,60811080400,13696
948,698K6,207,1,60908120600,44505
538,6T75J,927,1,61007050100,200232
857,6TQJ4,785,1,61011010400,170345
970,6Q5J3,390,1,61105010300,85020
98,6QT4T,541,1,61110041000,118479
292,6QA2J,18,1,61113020100,3960
273,6K525,364,1,61205020500,80444
75,6A855,982,1,61308050500,218004
858,6AQQ5,430,1,61311110500,95890
291,7252T,721,1,70205021000,161504
552,73299,999,1,70302090900,224775
896,7374T,458,1,70307041000,103508
422,73KT7,793,1,70312100700,180011
390,75A88,987,1,70513080800,225036
79,76K8K,940,1,70612081200,215260
467,7927A,255,1,70902071300,58650
594,797QT,379,1,70907111000,87549
725,7Q233,373,1,71102030300,86536
312,8J62A,113,1,80106021300,26329
994,8J957,562,1,80109050700,131508
690,833QA,392,1,80303111300,92120
416,84A78,703,1,80413070800,165908
795,85A59,197,1,80513050900,46689
606,864J9,370,1,80604010900,88060
35,86672,866,1,80606070200,206974
460,86KKA,95,1,80612121300,22800
914,87TQJ,241,1,80710110100,58081
930,886A9,969,1,80806130900,234498
602,88AKQ,812,1,80813121100,197316
977,8T8Q4,239,1,81008110400,58316
425,8Q685,739,1,81106080500,181055
476,8K58A,710,1,81205081300,174660
982,8K99T,321,1,81209091000,79287
733,9J2TQ,830,1,90102101100,205840
665,92832,490,1,90208030200,122010
703,92KK4,958,1,90212120400,239500
459,95275,9,1,90502070500,2259
184,9746J,661,1,90704060100,166572
399,979K5,253,1,90709120500,64009
626,997KQ,292,1,90907121100,74168
311,9T947,269,1,91009040700,68595
940,9Q8T9,548,1,91108100900,140288
941,9KJ75,957,1,91201070500,245949
610,9A8AT,950,1,91308131000,245100
300,TJ53A,757,1,100105031300,196063
759,TJ92A,343,1,100109021300,89180
512,TJ986,692,1,100109080600,180612
616,T3JA9,104,1,100301130900,27248
828,T3TQ6,573,1,100310110600,150699
964,T4J28,819,1,100401020800,216216
335,T5886,268,1,100508080600,71020
474,T73T2,848,1,100703100200,225568
707,T7673,938,1,100706070300,250446
990,T8TK5,743,1,100810120500,199124
439,TT537,991,1,101005030700,266579
83,TT547,538,1,101005040700,145260
855,TQ59J,705,1,101105090100,191055
434,TQQ57,172,1,101111050700,46784
582,TK3J6,20,1,101203010600,5460
87,TK3K2,881,1,101203120200,241394
789,TK8JA,109,1,101208011300,29975
379,TA5J9,952,1,101305010900,262752
39,QJ725,961,1,110107020500,266197
370,QJK65,796,1,110112060500,221288
646,Q27QT,652,1,110207111000,181908
54,Q2A23,258,1,110213020300,72240
21,Q47Q9,859,1,110407110900,241379
84,Q5J2A,11,1,110501021300,3102
524,Q59Q7,41,1,110509110700,11603
863,Q636K,963,1,110603061200,273492
8,Q7478,933,1,110704070800,265905
624,Q7AJ3,120,1,110713010300,34320
150,Q7A88,718,1,110713080800,206066
219,Q9Q62,274,1,110911060200,78912
949,QTT78,795,1,111010070800,229755
212,QQ5KT,821,1,111105121000,238090
692,QQK75,376,1,111112070500,109416
373,QK67J,245,1,111206070100,71540
820,QA8A6,867,1,111308130600,254031
704,KJ746,231,1,120107040600,67914
669,KJ945,312,1,120109040500,92040
354,KJ973,357,1,120109070300,105672
420,K2592,531,1,120205090200,157707
204,K32T3,665,1,120302100300,198170
57,K4342,461,1,120403040200,137839
535,K488T,977,1,120408081000,293100
642,K6484,634,1,120604080400,190834
531,K6TTQ,898,1,120610101100,271196
37,K6K79,27,1,120612070900,8181
757,K7675,536,1,120706070500,162944
785,K9925,53,1,120909020500,16165
161,KTT28,322,1,121010020800,98532
510,KTA9T,798,1,121013091000,244986
580,KQ7Q9,226,1,121107110900,69608
905,KQT88,243,1,121110080800,75087
737,KA6QJ,290,1,121306110100,89900
395,AJK83,153,1,130112080300,47583
945,AJKQ5,380,1,130112110500,118560
132,A343Q,794,1,130304031100,248522
360,A3832,660,1,130308030200,207240
751,A4J86,537,1,130401080600,169155
966,A6256,210,1,130602050600,66360
911,A6276,797,1,130602070600,252649
154,A7TQT,195,1,130710111000,62010
815,A87JK,297,1,130807011200,94743
283,A979Q,589,1,130907091100,188480
431,AQ8TJ,246,1,131108100100,78966
10,AK9J8,840,1,131209010800,270480
127,AKK24,832,1,131212020400,268736
401,AA459,93,1,131304050900,30132
950,AA5K4,332,1,131305120400,107900
336,22T44,729,2,20210040400,237654
766,22TQT,425,2,20210111000,138975
6,22K55,378,2,20212050500,123984
304,26T62,988,2,20610060200,325052
850,2QQ2T,266,2,21111021000,87780
91,2QAQ2,5,2,21113110200,1655
318,2A5A5,539,2,21305130500,178948
275,33277,296,2,30302070700,98568
4,334A4,877,2,30304130400,292918
389,33Q66,594,2,30311060600,198990
553,33K2K,915,2,30312021200,307440
861,33A4A,463,2,30313041300,156031
281,35539,17,2,30505030900,5746
279,36355,85,2,30603050500,28815
193,37722,820,2,30707020200,278800
998,38783,86,2,30807080300,29326
341,38983,949,2,30809080300,324558
739,39344,434,2,30903040400,148862
205,3A36A,447,2,31303061300,153768
666,44399,355,2,40403090900,122475
250,44553,600,2,40405050300,207600
723,48Q4Q,473,2,40811041100,164131
403,49947,479,2,40909040700,166692
749,4T4T8,543,2,41004100800,189507
894,4TT4Q,733,2,41010041100,256550
303,4K4KA,424,2,41204121300,148824
961,4A4A3,713,2,41304130300,250976
215,52775,907,2,50207070500,320171
407,53232,902,2,50302030200,319308
334,53325,914,2,50303020500,324470
367,55282,487,2,50502080200,173372
887,55A44,111,2,50513040400,39627
202,56226,689,2,50602020600,246662
984,57744,922,2,50707040400,330998
617,57T57,453,2,50710050700,163080
327,58K58,475,2,50812050800,171475
196,59858,139,2,50908050800,50318
590,5T77T,671,2,51007071000,243573
352,5TT66,567,2,51010060600,206388
400,5K45K,653,2,51204051200,238345
166,5AA65,935,2,51313060500,342210
472,622AA,450,2,60202131300,165150
29,62362,254,2,60203060200,93472
259,63362,599,2,60303060200,221031
409,64K4K,534,2,60412041200,197580
129,65522,288,2,60505020200,106848
466,66272,422,2,60602070200,156984
183,66787,786,2,60607080700,293178
797,6776K,301,2,60707061200,112574
720,68644,229,2,60806040400,85875
589,686QQ,518,2,60806111100,194768
328,68KK8,201,2,60812120800,75777
324,69336,196,2,60903030600,74088
44,69TT9,624,2,60910100900,236496
932,69Q69,551,2,60911060900,209380
227,6T464,366,2,61004060400,139446
495,6T699,340,2,61006090900,129880
683,6TT96,2,2,61010090600,766
42,6Q464,98,2,61104060400,37632
235,6QQ44,554,2,61111040400,213290
657,6K633,951,2,61206030300,367086
921,6K644,985,2,61206040400,381195
175,6AA96,711,2,61313090600,275868
147,73355,13,2,70303050500,5057
356,73A7A,748,2,70313071300,291720
43,75887,995,2,70508080700,389045
581,79T79,328,2,70910070900,128576
672,7T2T7,871,2,71002100700,342303
404,7Q799,647,2,71107090900,254918
461,7K67K,868,2,71206071200,342860
876,82855,836,2,80208050500,331056
803,85QQ8,761,2,80511110800,302117
308,882Q2,220,2,80802110200,87560
686,88442,345,2,80804040200,137655
541,88799,746,2,80807090900,298400
522,88949,874,2,80809040900,350474
173,88Q2Q,482,2,80811021100,193764
313,88KAA,837,2,80812131300,337311
195,8A5A8,187,2,81305130800,75548
880,92K2K,124,2,90212021200,50220
172,94KK9,310,2,90412120900,125860
933,95529,642,2,90505020900,261294
903,98T89,46,2,90810080900,18768
653,995A5,736,2,90905130500,301024
450,99636,984,2,90906030600,403440
189,998QQ,192,2,90908111100,78912
953,99TT8,418,2,90910100800,172216
375,9TAAT,84,2,91013131000,34692
47,9K89K,204,2,91208091200,84456
801,9A779,175,2,91307070900,72625
231,T2299,39,2,100202090900,16224
623,T2T44,440,2,100210040400,183480
854,T5T52,180,2,100510050200,75240
862,T8383,344,2,100803080300,144136
859,TQTQ5,389,2,101110110500,163380
523,TKT9K,879,2,101210091200,370059
263,TAA66,843,2,101313060600,355746
566,Q22Q6,760,2,110202110600,321480
687,Q3Q22,686,2,110311020200,290864
74,Q3QK3,627,2,110311120300,266475
864,Q3AAQ,1,2,110313131100,426
765,Q5225,501,2,110502020500,213927
806,Q53Q3,234,2,110503110300,100152
176,Q7337,34,2,110703030700,14586
516,Q744Q,779,2,110704041100,334970
630,Q77Q3,169,2,110707110300,72839
164,Q8QTT,286,2,110811101000,123552
604,QQ799,55,2,111107090900,23815
987,QQ988,550,2,111109080800,238700
366,QQT7T,727,2,111110071000,316245
671,QK9QK,521,2,111209111200,227156
967,QAA33,953,2,111313030300,416461
230,K5533,941,2,120505030300,412158
387,K5K66,188,2,120512060600,82532
622,K66QK,696,2,120606111200,306240
796,KQQK5,350,2,121111120500,154350
907,KKQ7Q,560,2,121211071100,247520
419,KKAAT,546,2,121213131000,241878
571,KAK9A,934,2,121312091300,414696
429,A7AQQ,850,2,130713111100,378250
388,ATKKT,981,2,131012121000,437526
824,AQ44Q,737,2,131104041100,329439
545,AQ66A,61,2,131106061300,27328
136,AQAKK,990,2,131113121200,444510
483,JJ369,215,3,10103060900,96750
518,JJ852,189,3,10108050200,85239
266,JJTA2,960,3,10110130200,433920
870,J233T,476,3,10203031000,215628
548,J24TJ,591,3,10204100100,268314
156,J277T,16,3,10207071000,7280
418,J28K2,891,3,10208120200,406296
484,J2962,849,3,10209060200,387993
539,J323A,100,3,10302031300,45800
30,J383K,329,3,10308031200,151011
121,J3QQ8,609,3,10311110800,280140
618,J4JQ5,592,3,10401110500,272912
405,J4524,208,3,10405020400,96096
583,J5T95,762,3,10510090500,352806
640,J5A9J,112,3,10513090100,51968
125,J6282,925,3,10602080200,430125
776,J75A7,633,3,10705130700,294978
131,J8K84,497,3,10812080400,232099
507,J9A5A,905,3,10913051300,423540
835,JT2A2,783,3,11002130200,367227
165,JT5TQ,410,3,11005101100,192700
92,JTK7K,625,3,11012071200,294375
866,JQ8TT,157,3,11108101000,74104
152,JQ994,460,3,11109090400,217580
48,JQAQ5,393,3,11113110500,186282
169,JK3T3,595,3,11203100300,282625
479,2J827,834,3,20108020700,396984
394,22427,755,3,20204020700,360135
852,22592,304,3,20205090200,145312
88,22627,771,3,20206020700,369309
452,24J25,828,3,20401020500,397440
3,242K2,966,3,20402120200,464646
1,24544,330,3,20405040400,159060
985,24KKK,35,3,20412121200,16905
634,26636,603,3,20606030600,291852
475,26686,480,3,20606080600,232800
330,26AAA,616,3,20613131300,299376
316,282A2,756,3,20802130200,368172
527,2T2Q2,861,3,21002110200,420168
470,2T44J,346,3,21004040100,169194
587,2A333,998,3,21303030300,489020
170,2A9AA,362,3,21309131300,177742
635,3J656,382,3,30106050600,187944
244,32J37,132,3,30201030700,65076
451,333T9,396,3,30303100900,195624
992,3449J,585,3,30404090100,289575
5,3632J,651,3,30603020100,322896
133,38J53,314,3,30801050300,156058
537,38Q33,495,3,30811030300,246510
578,39J37,549,3,30901030700,273951
295,39969,262,3,30909060900,131000
124,3TT4J,349,3,31010040100,174849
574,3TT5T,763,3,31010051000,383026
684,3Q5QQ,221,3,31105111100,111163
167,3QTJ3,638,3,31110010300,321552
229,3QQ4Q,769,3,31111041100,388345
469,3K33Q,284,3,31203031100,143704
890,3A44J,128,3,31304040100,64896
383,424T4,502,3,40204100400,255016
685,42744,401,3,40207040400,204109
357,43555,233,3,40305050500,118830
236,44469,433,3,40404060900,221263
223,444K3,917,3,40404120300,469504
700,445T4,911,3,40405100400,467343
505,44K45,804,3,40412040500,413256
268,455J8,602,3,40505010800,310030
769,45844,202,3,40508040400,104232
245,4666Q,427,3,40606061100,220759
285,477JT,574,3,40707011000,297332
105,48J43,73,3,40801040300,37887
596,484K4,173,3,40804120400,89960
56,4T555,183,3,41005050500,95343
340,4TT5T,790,3,41010051000,412380
607,4QJQT,107,3,41101111000,55961
991,4Q66J,818,3,41106060100,428632
760,4QT44,276,3,41110040400,144900
224,4QQAQ,586,3,41111131100,308236
698,4QAAA,765,3,41113131300,403155
363,4A844,305,3,41308040400,161040
314,5J2JQ,319,3,50102011100,168751
899,52333,712,3,50203030300,377360
823,52777,385,3,50207070700,204435
939,5282J,684,3,50208020100,363888
284,54888,218,3,50408080800,116194
27,55J27,637,3,50501020700,340158
567,55527,529,3,50505020700,283015
884,55865,617,3,50508060500,330712
568,559A5,791,3,50509130500,424767
613,58554,559,3,50805050400,300742
837,585T5,744,3,50805100500,401016
194,595K5,435,3,50905120500,234900
351,5TA55,622,3,51013050500,336502
668,5A755,388,3,51307050500,210296
988,5AK55,456,3,51312050500,247608
143,6J434,206,3,60104030400,112064
15,6J554,121,3,60105050400,65945
71,6J757,383,3,60107050700,209118
11,6JQ9J,697,3,60111090100,381259
918,6JA99,408,3,60113090900,223584
744,622JT,24,3,60202011000,13176
972,62252,54,3,60202050200,29700
608,644QJ,669,3,60404110100,368619
999,6646T,32,3,60604061000,17664
286,66634,105,3,60606030400,58065
959,6668Q,6,3,60606081100,3324
853,69AJ6,261,3,60913010600,144855
960,6TT2J,847,3,61010020100,470932
262,6Q6J3,698,3,61106010300,388786
59,7J969,730,3,70109060900,407340
463,7JK9J,614,3,70112090100,343226
258,72292,439,3,70202090200,245840
178,7379J,903,3,70307090100,506583
954,7454J,800,3,70405040100,449600
928,766T6,214,3,70606100600,120482
783,773J5,74,3,70703010500,41736
13,777K2,400,3,70707120200,226000
563,777A4,131,3,70707130400,74146
435,77Q37,416,3,70711030700,235872
239,786J7,894,3,70806010700,507792
558,79877,575,3,70908070700,327175
296,79T99,833,3,70910090900,474810
110,79A99,306,3,70913090900,174726
598,7QQ6Q,725,3,71111061100,414700
980,8J638,557,3,80106030800,319161
584,83882,474,3,80308080200,272076
139,8428J,466,3,80402080100,267950
614,84887,50,3,80408080700,28800
344,85J75,367,3,80501070500,211759
464,855J3,138,3,80505010300,79764
555,8666T,764,3,80606061000,442356
680,88284,57,3,80802080400,33060
134,886Q8,613,3,80806110800,356153
716,89993,342,3,80909090300,199044
729,8T3J8,352,3,81003010800,205216
41,8T9JT,582,3,81009011000,339888
677,8QJ8A,470,3,81101081300,274950
927,8K89J,166,3,81208090100,97276
145,8KTTJ,505,3,81210100100,296435
441,8A9JA,823,3,81309011300,483924
727,9J488,954,3,90104080800,561906
234,9J4KK,198,3,90104121200,116820
7,9J656,695,3,90106050600,410745
492,9J93T,524,3,90109031000,310208
756,9J978,67,3,90109070800,39731
721,92A9J,391,3,90213090100,232254
514,967J7,160,3,90607010700,95200
252,96979,814,3,90609070900,485144
157,98J29,486,3,90801020900,290142
976,992JK,260,3,90902011200,155480
424,99379,578,3,90903070900,346222
238,9986J,178,3,90908060100,106800
603,99A89,101,3,90913080900,60701
845,9Q77J,815,3,91107070100,490630
315,9K499,904,3,91204090900,545112
969,9K5JK,576,3,91205011200,347904
140,TJ4T7,776,3,100104100700,469480
559,TJ6T7,516,3,100106100700,312696
675,T2JT4,174,3,100201100400,105618
402,T2T8J,838,3,100210080100,509504
117,T3TJK,919,3,100310011200,559671
99,T4222,811,3,100402020200,494710
208,T4344,759,3,100403040400,463749
885,T4484,481,3,100404080400,294372
345,T44A4,694,3,100404130400,425422
784,T6777,28,3,100607070700,17192
699,T7QJ7,498,3,100711010700,306270
752,T8QJ8,454,3,100811010800,279664
77,TT49T,630,3,101004091000,388710
758,TT7TA,287,3,101007101300,177366
28,TTT37,513,3,101010030700,317547
534,TTT7Q,313,3,101010071100,194060
325,TTA4T,921,3,101013041000,571941
591,TQ2QQ,281,3,101102111100,174782
873,TQAAA,23,3,101113131300,14329
158,TA777,375,3,101307070700,234000
525,TAT9T,477,3,101310091000,298125
565,QJ82J,690,3,110108020100,431940
104,QJ866,448,3,110108060600,280896
768,Q333A,563,3,110303031300,353564
791,Q59QJ,928,3,110509110100,583712
319,Q6QJK,171,3,110611011200,107730
772,Q7222,122,3,110702020200,76982
913,Q777A,80,3,110707071300,50560
995,Q7KQQ,515,3,110712111100,325995
955,Q7AAA,880,3,110713131300,557920
892,Q8A88,680,3,110813080800,431800
983,Q9993,8,3,110909090300,5088
115,Q9QQ5,496,3,110911110500,315952
242,QTJQK,858,3,111001111200,547404
148,QQJ36,441,3,111101030600,281799
731,QQ3KQ,224,3,111103121100,143360
827,QQTQ7,876,3,111110110700,561516
426,QQQT9,282,3,111111100900,181044
22,QQQKT,116,3,111111121000,74588
206,QAAJ8,143,3,111313010800,92092
619,KJJA5,688,3,120101130500,443760
414,KJ4AA,885,3,120104131300,571710
750,KJA3K,248,3,120113031200,160456
786,K2KTK,611,3,120212101200,395928
790,K3339,525,3,120303030900,340725
526,K4J4T,533,3,120401041000,346450
869,K44J5,856,3,120404010500,557256
628,K4KTJ,451,3,120412100100,294052
181,K5J25,767,3,120501020500,500851
920,K5JQQ,829,3,120501111100,542166
528,K6JQ6,569,3,120601110600,372695
490,K7A7J,738,3,120713070100,484128
24,K88Q8,542,3,120808110800,356094
615,K9KKT,341,3,120912121000,224378
339,KTJQJ,979,3,121001110100,645161
61,KK47K,170,3,121204071200,112200
979,KK85K,419,3,121208051200,276959
506,KKQKT,822,3,121211121000,544164
569,KKQAK,704,3,121211131200,466752
17,KKK8Q,372,3,121212081100,247008
532,AJJQ7,967,3,130101110700,643055
343,AJ2KK,303,3,130102121200,201798
123,AJ533,30,3,130105030300,20010
53,AJ552,162,3,130105050200,108216
728,AJ979,944,3,130109070900,631536
973,AJT6J,993,3,130110060100,665310
397,AJT8J,650,3,130110080100,436150
917,AJQA9,707,3,130111130900,475104
521,A2272,792,3,130202070200,533016
93,A3337,766,3,130303030700,516284
497,A5525,528,3,130505020500,356400
171,A58AA,145,3,130508131300,98020
889,A6J55,906,3,130601050500,613362
929,A6AJQ,845,3,130613011100,572910
848,A7A8A,945,3,130713081300,641655
243,A84AA,526,3,130804131300,357680
882,A8555,519,3,130805050500,353439
664,A8AA2,320,3,130813130200,218240
753,A93AA,421,3,130903131300,287543
58,A9929,369,3,130909020900,252396
52,AT5TT,810,3,131005101000,554850
272,AQAA5,872,3,131113130500,598192
23,AQAA6,200,3,131113130600,137400
777,AA2KA,728,3,131302121300,500864
421,AA96A,676,3,131309061300,465764
810,AAA67,40,3,131313060700,27600
577,J2442,522,4,10204040200,360702
482,J2828,805,4,10208020800,557060
838,J3773,645,4,10307070300,446985
192,J5TT5,715,4,10510100500,496210
417,J9696,92,4,10906090600,63940
529,JTT22,947,4,11010020200,659112
515,JQQ33,59,4,11111030300,41123
782,JK3K3,896,4,11203120300,625408
811,JA66A,351,4,11306061300,245349
670,JAA88,119,4,11313080800,83300
572,2J992,123,4,20109090200,86223
556,22332,644,4,20203030200,452088
182,22992,500,4,20209090200,351500
910,24224,52,4,20402020400,36608
501,24244,626,4,20402040400,441330
20,2626J,909,4,20602060100,641754
179,28288,83,4,20802080800,58681
778,2Q22Q,68,4,21102021100,48144
456,3J366,666,4,30103060600,472194
809,33355,503,4,30303050500,357130
2,33TTT,540,4,30310101000,383940
337,34443,21,4,30404040300,14952
267,36363,423,4,30603060300,301599
951,38838,932,4,30808030800,665448
294,39393,770,4,30903090300,550550
448,3K33K,865,4,31203031200,619340
679,3K3KK,63,4,31203121200,45171
600,4J545,581,4,40105040500,417158
612,43433,164,4,40304030300,117916
643,444KK,862,4,40404121200,620640
722,444AA,962,4,40404131300,693602
975,44554,45,4,40405050400,32490
151,46646,449,4,40606040600,324627
879,49449,983,4,40904040900,711692
374,4A4JA,182,4,41304011300,131950
842,53535,824,4,50305030500,598224
735,55757,605,4,50507050700,439835
641,55T5T,735,4,50510051000,535080
504,55QQQ,607,4,50511111100,442503
736,56556,732,4,50605050600,534360
102,5858J,886,4,50805080100,647666
444,5K55K,283,4,51205051200,207156
477,5A55A,852,4,51305051300,624516
36,5A5AJ,606,4,51305130100,444804
391,6J677,91,4,60106070700,66885
322,62626,291,4,60206020600,214176
805,66363,278,4,60603060300,204886
639,66556,900,4,60605050600,664200
428,66969,106,4,60609060900,78334
201,66TTT,455,4,60610101000,336700
406,66K6K,943,4,60612061200,698763
392,68688,864,4,60806080800,641088
943,6T6T6,270,4,61006100600,200610
944,6Q6Q6,412,4,61106110600,306528
748,6KJK6,851,4,61201120600,633995
676,7J447,361,4,70104040700,269306
359,72272,154,4,70202070200,115038
203,73373,887,4,70303070300,663476
361,74774,997,4,70407070400,746753
710,77444,49,4,70704040400,36750
72,77788,75,4,70707080800,56325
410,77799,406,4,70707090900,305312
119,78878,431,4,70808070800,324543
221,797J9,471,4,70907010900,355134
216,7T7T7,211,4,71007100700,159305
847,7QJQ7,547,4,71101110700,413532
347,83383,134,4,80303080300,101438
207,84448,324,4,80404040800,245592
455,84884,577,4,80408080400,437943
763,85558,230,4,80505050800,174800
113,85858,558,4,80508050800,424638
240,86866,656,4,80608060600,499872
877,8T88T,973,4,81008081000,742399
997,8QQ88,670,4,81111080800,511880
66,8A88A,325,4,81308081300,248625
378,8A8AA,587,4,81308131300,449642
800,92299,693,4,90202090900,531531
249,95559,478,4,90505050900,367104
210,98989,309,4,90809080900,237621
253,99393,148,4,90903090300,113960
190,99559,751,4,90905050900,579021
856,99669,648,4,90906060900,500256
264,9QQJ9,168,4,91111010900,129864
764,9A9A9,731,4,91309130900,565794
560,T6TJ6,163,4,100610010600,126325
904,T8T8T,674,4,100810081000,523024
717,TT333,590,4,101003030300,458430
46,TT444,561,4,101004040400,436458
956,TT5T5,494,4,101005100500,384826
821,TT99T,228,4,101009091000,177840
936,TKTKK,520,4,101210121200,406120
986,TATAT,742,4,101310131000,580244
462,TAATA,668,4,101313101300,523044
724,Q3Q33,133,4,110311030300,104272
834,Q4J4Q,103,4,110401041100,80855
695,Q6Q6Q,127,4,110611061100,99822
631,QTTQQ,618,4,111010111100,486366
826,QTQTT,94,4,111011101000,74072
393,QQ33Q,635,4,111103031100,501015
533,QQ444,566,4,111104040400,447140
457,QQ4Q4,70,4,111104110400,55370
901,QQ555,140,4,111105050500,110880
540,QQQ77,395,4,111111070700,313235
491,QQAAQ,446,4,111113131100,354124
16,KJAKA,677,4,120113121300,538215
180,K22K2,923,4,120202120200,734708
645,K55KJ,842,4,120505120100,671074
644,K6K6K,205,4,120612061200,163590
832,K777K,636,4,120707071200,508164
222,K7KK7,414,4,120712120700,331200
251,K9J9K,37,4,120901091200,29637
160,KQKQK,687,4,121112111200,550974
111,KK9K9,860,4,121209120900,690580
787,KKK44,89,4,121212040400,71556
798,KKK55,910,4,121212050500,732550
276,KAKKA,386,4,121312121300,311116
214,A2AA2,918,4,130213130200,740826
878,A3JA3,110,4,130301130300,88880
34,A3AA3,263,4,130313130300,212767
64,A7A77,251,4,130713070700,203310
254,A99AA,88,4,130909131300,71368
799,AQAQA,407,4,131113111300,330484
543,JJ833,781,5,10108030300,634953
883,JJQQA,409,5,10111111300,332926
90,J2262,782,5,10202060200,637330
689,J33JQ,839,5,10303011100,684624
946,J3335,508,5,10303030500,415036
289,J3433,808,5,10304030300,660944
788,J3KKK,129,5,10312121200,105651
780,J4555,415,5,10405050500,340300
836,J55JA,315,5,10505011300,258615
822,J5955,890,5,10509050500,731580
454,J7J87,347,5,10701080700,285581
937,J7JT7,632,5,10701100700,520768
906,J7333,317,5,10703030300,261525
734,J7444,36,5,10704040400,29736
718,J88JT,920,5,10808011000,760840
691,J8838,598,5,10808030800,495144
620,J8898,374,5,10808090800,310046
792,J8TTT,402,5,10810101000,333660
299,JQ4QQ,579,5,11104111100,481149
773,JK6JK,397,5,11206011200,330304
658,JKK7K,387,5,11212071200,322371
449,JKKTK,641,5,11212101200,534594
813,JA555,489,5,11305050500,408315
301,JA7AA,302,5,11307131300,252472
651,22227,584,5,20202020700,488808
371,222AJ,734,5,20202130100,615092
494,22322,445,5,20203020200,373355
938,22822,242,5,20208020200,203280
130,22Q22,749,5,20211020200,629909
82,22A22,506,5,20213020200,426052
963,23333,136,5,20303030300,114648
715,2TJJ2,273,5,21001010200,230412
511,33393,294,5,30303090300,248430
232,333TJ,597,5,30303100100,505062
702,33733,672,5,30307030300,569184
453,33AJ3,939,5,30313010300,796272
708,39J99,803,5,30901090900,681747
128,3QJ33,65,5,31101030300,55250
741,3A333,102,5,31303030300,86802
968,4JJ48,48,5,40101040800,40896
520,42222,702,5,40202020200,598806
438,44J84,354,5,40401080400,302316
775,44434,615,5,40404030400,525825
70,4444A,556,5,40404041300,475936
564,44494,289,5,40404090400,247673
63,444Q4,964,5,40404110400,827112
96,45444,716,5,40504040400,615044
62,4Q4JJ,150,5,41104010100,129000
499,5J558,873,5,50105050800,751653
260,5J88J,639,5,50108080100,550818
637,54555,846,5,50405050500,730098
767,555J6,930,5,50505010600,803520
320,55535,492,5,50505030500,425580
329,55559,875,5,50505050900,757750
385,5555A,457,5,50505051300,396219
446,55565,700,5,50505060500,607600
369,55585,912,5,50505080500,792528
380,58888,237,5,50808080800,206190
306,59999,841,5,50909090900,732511
829,5Q555,44,5,51105050500,38368
199,5QQQQ,929,5,51111111100,811017
674,5AAAA,978,5,51313131300,854772
745,6J766,151,5,60107060600,132125
19,6JTJJ,249,5,60110010100,218124
447,6JA66,893,5,60113060600,783161
468,644J4,970,5,60404010400,851660
579,64444,714,5,60404040400,627606
433,656J6,504,5,60506010600,443520
974,66JKJ,724,5,60601120100,637844
282,66466,19,5,60604060600,16758
471,66626,775,5,60606020600,684325
908,66636,33,5,60606030600,29172
661,66665,908,5,60606060500,803580
926,66Q66,882,5,60611060600,781452
107,66K66,787,5,60612060600,698069
561,6T6J6,659,5,61006010600,585192
226,6K6J6,142,5,61206010600,126238
575,6KKKK,3,5,61212121200,2670
78,6AAAJ,443,5,61313130100,394713
971,6AAAA,564,5,61313131300,503088
290,7J7J3,436,5,70107010300,389348
321,7J775,323,5,70107070500,288762
588,7J77K,146,5,70107071200,130670
647,73777,901,5,70307070700,807296
261,74444,604,5,70404040400,541788
309,74777,484,5,70407070700,434632
947,77677,623,5,70706070700,560077
40,77727,509,5,70707020700,458100
793,77757,612,5,70707050700,551412
761,7777T,78,5,70707071000,70356
662,77877,232,5,70708070700,209496
103,77A77,897,5,70713070700,810888
771,7TJ77,442,5,71001070700,400010
881,8J777,336,5,80107070700,304416
817,8J8T8,664,5,80108100800,602248
747,866J6,464,5,80606010600,421312
177,8828J,356,5,80802080100,323604
819,88688,568,5,80806080800,516880
323,88883,459,5,80808080300,418149
120,88887,184,5,80808080700,167808
38,88AJJ,514,5,80813010100,469282
271,8A888,227,5,81308080800,207478
116,8AAJA,271,5,81313011300,247965
248,9J77J,888,5,90107070100,813408
186,9J9J6,285,5,90109010600,261345
209,9J99Q,371,5,90109091100,340578
746,9J9A9,238,5,90109130900,218722
481,9444J,853,5,90404040100,784760
648,949J9,4,5,90409010900,3684
112,96666,992,5,90606060600,914624
488,9777J,768,5,90707070100,708864
585,97777,916,5,90707070700,846384
65,999JT,186,5,90909011000,172050
496,99939,203,5,90909030900,187978
353,99949,193,5,90909040900,178911
69,99989,855,5,90909080900,793440
191,999T9,817,5,90909100900,758993
774,99K9J,417,5,90912090100,387810
696,9T9JJ,158,5,91009010100,147098
332,T3333,831,5,100303030300,774492
660,T4JJT,552,5,100401011000,515016
122,T4JTT,778,5,100401101000,726652
925,T555J,499,5,100505050100,466565
485,T7TTT,216,5,100710101000,202176
100,T8888,799,5,100808080800,748663
162,TT3TT,181,5,101003101000,169778
265,TT8TT,381,5,101008101000,357759
25,TTT4T,826,5,101010041000,776440
372,TTKTT,235,5,101012101000,221135
200,Q777J,631,5,110707070100,594402
625,Q7777,532,5,110707070700,501676
80,Q8888,747,5,110808080800,705168
14,QTTTT,115,5,111010101000,108675
573,QQ2QQ,994,5,111102111100,940324
923,QQTQQ,51,5,111110111100,48297
437,QQQ3J,265,5,111111030100,251220
694,QQQQ6,488,5,111111110600,463112
713,QAQQQ,580,5,111311111100,551000
278,KJKQK,593,5,120112111200,563943
935,K2222,333,5,120202020200,317016
302,K3333,159,5,120303030300,151527
163,K4444,125,5,120404040400,119250
871,K5555,326,5,120505050500,311330
365,K5KKK,720,5,120512121200,688320
97,K7777,673,5,120707070700,644061
198,KQQQQ,15,5,121111111100,14370
916,KK9KJ,745,5,121209120100,714455
542,KK9KK,295,5,121209121200,283200
794,KKKK7,155,5,121212120700,148955
257,KKAJK,358,5,121213011200,344396
633,AJ4AA,948,5,130104131300,912924
609,A3AAA,780,5,130313131300,751920
627,A4AAA,931,5,130413131300,898415
95,A9999,544,5,130909090900,525504
480,ATAAA,772,5,131013131300,746524
701,AA2AA,337,5,131302131300,326216
233,AA8AA,975,5,131308131300,944775
377,AAQAJ,149,5,131311130100,144530
500,JJJJJ,147,6,10101010100,142737
502,JJJ2J,972,6,10101020100,944784
473,JJJ8J,97,6,10101080100,94381
754,JJJQQ,863,6,10101111100,840562
427,JJ4J4,420,6,10104010400,409500
146,JJ77J,773,6,10107070100,754448
408,JJQQQ,869,6,10111111100,849013
509,J3333,199,6,10303030300,194622
592,J4444,784,6,10404040400,767536
779,J55J5,359,6,10505010500,351820
663,J88J8,789,6,10808010800,774009
912,J99J9,60,6,10909010900,58920
942,JKJKK,854,6,11201121200,839482
51,JKKKK,572,6,11212121200,562848
493,JAJAA,272,6,11301131300,267920
503,JAAAA,740,6,11313131300,729640
726,2J2J2,878,6,20102010200,866586
833,2222J,404,6,20202020100,399152
364,3J3J3,517,6,30103010300,511313
841,4J4J4,523,6,40104010400,517770
241,5J555,156,6,50105050500,154596
384,6J666,485,6,60106060600,481120
423,66JJ6,719,6,60601010600,713967
411,77J7J,844,6,70701070100,838936
816,7777J,527,6,70707070100,524365
693,8888J,413,6,80808080100,411348
307,9999J,959,6,90909090100,956123
952,TTTJJ,956,6,101010010100,954088
49,TTTJT,331,6,101010011000,330669
101,QQQJQ,426,6,111111011100,426000
